State,means,median
DE,89403.4933333,75500.0
WA,89251.5667197,88317.0
CT,88611.6923077,82057.0
OR,87455.4621118,89814.0
MA,81475.0105556,80009.0
CA,79434.1620145,75919.8
AR,74269.1666667,62733.0
MI,74002.8325243,72904.0
NY,73429.4890382,67579.0
DC,72657.369697,66206.0
